Bruce Barstow <bbarstow68@gmail.com>
Russell Avalon <russellavalon@gmail.com>
Jordan Hansen <jordanthansen97@gmail.com>
 Kevin Cory <kevin.cory@mutualofomaha.com>
 Ryan Wand <ryan.wand@mutualofomaha.com>
 Travis Lavine <Travis.Lavine@mutualofomaha.com>
 Mark Boaz <Mark.Boaz@mutualofomaha.com>
 Nolan Slimp <nolan.slimp@mutualofomaha.com>